,address,price
0,3050 birch hollow dr,1095
1,912 rose ave,2000
10,3050 birch hollow dr,1095
100,2960 birch hollow dr,1179
1000,1207 willard,6300
1002,275 harbor way,1399
1003,stadium blvd,1199
1005,1006 pontiac trail,1500
1006,2960 international drive,989
1008,w liberty,1379
101,w liberty,1389
1012,schooner cove blvd.,889
1014,3050 birch hollow dr,975
1015,3050 birch hollow dr,1095
1016,lancashire drive,1439
1017,101 lake village,1555
102,406 montgomery,1290
1021,2960 international drive,839
1022,140 helle blvd,1190
1023,275 harbor way,1449
1024,1984 traver rd,1219
1026,scenic way,1299
1027,3998 audrey rae lane,1165
1028,3998 audrey rae ln.,1155
103,2820 windwood,1644
1030,leslie circle,1879
1031,1245 astor ave,1235
1032,140 lauff drive,1040
1033,401 s. highlander way,878
1034,3050 birch hollow dr,975
1035,leslie circle,1419
1036,1550 brookfield dr,1359
1037,3008 randolph court dr.,1143
1038,stadium blvd,1039
1039,w liberty,1539
104,406 montgomery,1290
1040,3400 nixon rd,2736
1041,3400 nixon rd,2003
1042,525 w. highland rd,1029
1043,3400 nixon rd,1903
1046,"104 n. mill, plymouth, mi 48170",1100
1047,1006 pontiac trail #1,1500
1048,3400 nixon rd,1626
1049,1863 collins ct.,999
105,401 s. highlander way,878
1050,3400 nixon rd,1501
1051,3400 nixon rd,1486
1052,275 harbor way,1885
1053,140 lauff,970
1054,275 harbor way,1499
1055,1837 davis st.,999
1056,2911 bynan dr.,909
1057,schooner cove boulevard,829
1058,2044 mcdivitt ct,1363
1059,212 stevens drive,818
106,1984 traver rd,1469
1060,212 stevens drive,918
1061,212 stevens dr,938
1062,212 stevens drive,918
1063,212 stevens drive,918
1064,212 stevens drive,918
1065,212 stevens drive,918
1066,212 stevens dr,818
1067,212 stevens drive,918
1068,212 stevens drive,918
1069,212 stevens drive,918
1070,212 stevens drive,918
1071,212 stevens drive,918
1072,south main street,1550
1076,1840 collins ct,999
1077,275 harbor way,1399
1078,stadium blvd,1159
1079,1450 chestnut dr.,1145
108,2960 international drive,989
1080,"7103 mckean rd,",500
1081,knotty pine trail,1450
1082,658 michigan ave,1050
1083,third street,2000
1084,third street,1450
1085,stadium blvd,1199
1086,stadium blvd,1199
1087,stadium blvd,1199
1089,1005 maiden lane,1299
109,220 n 1st st,1285
1090,twin lakes drive,959
1091,2911 bynan dr,969
1092,1005 maiden lane,1359
1093,1005 maiden lane,1499
1096,133 edenwood dr,1311
1097,2345 woodridge way,959
1098,101 lake village,2251
1099,1984 traver rd,1229
110,twin lakes drive,909
1100,w liberty,1499
1101,3100 s. winter st.,835
1102,w liberty,1409
1103,stadium blvd,1199
1104,2345 woodbridge,1109
1105,w liberty,1379
1106,658 michigan ave,1650
1107,413 e huron,1249
1108,rd,1644
1109,1355 s. winter st.,830
111,212 stevens dr,918
1110,825 tappan ave,1345
1111,275 harbor way,1499
1112,highlander way,915
1113,schooner cove blvd,979
1115,1984 traver rd,1469
1117,w liberty,1389
1118,101 lake village,1276
112,212 stevens drive,818
1120,31170 wellington drive,1088
1121,portside dr.,1088
1122,3089 woodland hills dr,939
1123,w liberty,1409
1125,stadium blvd,1199
1126,2960 international,989
1127,140 lauff drive,1030
1128,ecorse,900
1129,2345 woodridge way,889
113,2911 bynan,859
1130,2820 windwood,1675
1131,403 south fifth avenue,2150
1132,w liberty,1359
1133,520 n ashley st,1325
1134,1984 traver rd,1219
1135,2960 international drive,899
1136,lancashire drive,1269
1137,2911 bynan dr.,909
1138,1751 cass lake front st,950
1140,1006 pontiac trail,1500
1141,stadium blvd,1199
1143,w liberty,1379
1145,latson,860
1148,1550 brookfield,1489
1149,birch hollow drive,969
115,600 hidden valley club drive,1260
1150,schooner cove blvd,829
1151,w liberty,1539
1155,27883 independence st,925
1156,27883 independence st,1090
1157,golfside rd.,959
1159,commerce blvd,1089
1160,stadium blvd,1039
1162,275 harbor way,1399
1164,4685 hunt club dr,1100
1165,3400 nixon rd,2731
1166,1510 plymouth rd,1132
1168,3400 nixon rd,2003
1169,41265 crossbow circle,1630
117,roundtree blvd,939
1170,3400 nixon rd,1903
1171,3400 nixon rd,1596
1172,3400 nixon rd,1501
1173,3400 nixon rd,1486
1174,275 harbor way,1499
1176,101 lake village,1539
1179,140 lauff,970
118,321 williamsen dr,1070
1180,525 w highland road,1029
1181,2820 windwood,1644
1183,grandview,900
1184,908 sybil st,1625
1185,2911 bynan dr.,919
1187,3265 boardwalk drive,1410
1189,textile rd,1400
119,schooner cove boulevard,979
1191,727 e kingsley st,1795
1192,island drive,1175
1195,103 fieldcrest st,1330
1197,6070 campbell rd,1200
1198,221 n fifth avenue,2200
1199,2820 windwood,1644
12,2167 medford,1150
120,1505 natalie ln,1375
1200,2820 windwood,1483
1202,foley,800
1203,3000 signature blvd.,1388
1205,3000 signature blvd.,1353
1206,south main street,2251
1207,south main street,1952
1208,south main street,1784
1209,south main street,1534
121,virginia ave,548
1210,2820 windwood,1644
1212,2224 golfside drive,989
1213,2224 golfside drive,989
1214,2820 windwood,1675
1215,1006 pontiac trail,1500
1216,2224 golfside drive,1029
122,201 e madison st,3345
1224,1006 pontiac trail #1,1500
1228,2502 packard st.,1709
1229,2502 packard st.,1999
123,pauline blvd,1149
1230,955 sumpter road,1100
1231,abbott ave,1895
1232,2820 windwood,1675
1233,275 harbor way,1499
1234,275 harbor way,1399
1235,2820 windwood,1483
1236,2201 glencoe hills dr,2179
1237,3000 signature blvd.,1407
124,615 pearl street,750
1240,latson,840
1241,275 harbor way,1499
1242,south main street,1426
1243,south main street,2251
1244,pauline,1189
1245,pauline,1189
1246,2224 golfside drive,1029
1247,2224 golfside drive,1076
1249,3100 s. winter st.,880
125,leslie circle,1419
1250,2820 windwood,1644
1251,3100 s. winter st.,835
1253,1355 s. winter st.,830
1254,2224 golfside drive,989
1255,525 west highland rd,1029
1256,south main street,1784
1257,south main street,1534
1258,2820 windwood,1644
1259,whitmore lake road,1425
126,3089 woodland hills dr,869
1264,955 sumpter road,1100
1265,1984 traver rd,1229
1266,w liberty,1399
1267,1984 traver rd,1219
1268,2201 glencoe hills drive,1099
1269,101 lake village,1276
127,1984 traver rd,1419
1270,101 lake village,1502
1272,ann arbor saline rd,2251
1273,275 harbor way,1499
1275,forest,1100
1278,3050 birch hollow dr,1210
1279,309 n. hamilton,575
1280,1980 pauline boulevard,1189
1281,stadium blvd,1229
1282,1984 traver rd,1469
1283,birch hollow dr,1009
1284,603 e. huron street,999
1285,603 e. huron street,1049
1286,2501 keystone ln,840
1287,2501 keystone ln,840
1288,birch hollow dr,969
1289,2501 keystone ln,1040
129,w liberty,1379
1290,2501 keystone ln,1040
1292,275 harbor way,1885
1293,2960 international drive,859
1294,stadium blvd,1229
1296,lancashire drive,1419
1297,101 lake village,1276
1298,stadium blvd,1229
1299,2820 windwood,1483
13,101 lake village,1560
130,3089 woodland hills dr,939
1300,3050 birch hollow dr,1510
1301,1984 traver rd,1219
1302,2201 glencoe hills drive,929
1303,140 lauff drive,1040
1304,1107 s university ave,800
1305,w liberty,1589
1306,275 harbor way,1399
1307,3050 birch hollow dr,1150
1308,140 lauff,970
1309,w liberty,1589
131,329 jarvis street,995
1310,schooner cove boulevard,829
1311,525 west highland rd,1029
1312,27883 independence st,825
1313,1099 maiden lane,2095
1314,leslie circle,1269
1316,27883 independence st,1090
1317,1751 cass lake front st,950
1318,574 town trail,1500
1319,stadium blvd,1159
132,2973 w clark rd.,2509
1320,birch hollow dr,1179
1322,2911 bynan dr.,989
1323,2820 windwood,1644
1324,3050 birch hollow dr,1075
1326,birch hollow dr,1209
1327,birch hollow dr,969
1329,stadium blvd,1229
133,27883 independence st,1090
1330,275 harbor way,1499
1331,3016 cloverly lane,1400
1332,118 w oakbrook dr,2000
1333,stadium blvd,1229
1334,lancashire drive,1419
1335,1980 pauline boulevard,1209
134,3050 birch hollow dr,1170
1342,3000 signature blvd.,1353
1344,stadium blvd,1109
1345,1245 astor ave,1500
1347,w liberty,1589
135,2973 west clark rd,999
1351,101 lake village,1502
1353,275 harbor way,1399
1354,fountain,610
1355,1863 collins ct.,999
1356,1840 collins ct,999
1357,1837 davis st.,999
1358,2044 mcdivitt ct.,1364
1359,1840 collins ct,999
136,2973 west clark rd,1374
1360,1050 fishville rd,2099
1363,3050 birch hollow dr,975
1365,3050 birch hollow dr,1515
1366,stadium blvd,1229
1367,schooner cove blvd,889
1368,stadium blvd,1229
1369,1984 traver rd,1499
1370,birch hollow,1179
1371,pauline,1129
1372,pauline,1209
1373,plymouth road,1595
1375,101 lake village,1781
1376,2820 windwood,1644
1377,2501 keystone lane,915
1378,maiden ln,1359
138,twin lakes drive,919
1380,8719 meadowbrook unit 12,850
1381,stadium blvd,1229
1382,27883 independence st,1090
1384,2501 keystone lane,1040
1385,birch hollow,1009
1386,maiden ln,1299
1388,stadium blvd,1229
1389,stadium blvd,1229
139,1550 brookfield,1579
1390,2501 keystone lane,915
1391,golfside,875
1392,south main street,1338
1394,140 lauff drive,1030
1395,2820 windwood,1675
1396,1505 natalie ln,1245
1397,golfside,995
1398,schooner cove blvd,1009
1399,1837 davis st.,999
140,275 harbor way,1499
1400,birch hollow,1009
1401,2044 mcdivitt ct.,1364
1402,birch hollow,1029
1403,w liberty,1589
1404,lancashire drive,1269
1405,1245 astor,1590
1407,twin lakes drive,959
1408,275 harbor way,1499
1410,2960 international dr.,989
1411,2230 melbourne,1429
1413,birch hollow,1009
1414,leslie circle,1419
1415,w liberty,1589
1416,2230 melbourne ave.,1304
1417,1984 traver rd,1219
1418,401 s. highlander way,878
1419,schooner cove boulevard,829
142,329 jarvis street,795
1420,275 harbor way,1499
1421,2230 melbourne ave.,1304
1422,1131 nielsen ct,1300
1423,pauline,1189
1425,south main street,1331
1427,2021 medford rd,1229
1428,2960 international drive,1019
1429,2820 windwood,1483
1430,140 lauff drive,1040
1431,2021 medford rd,1529
1432,stadium blvd,1079
1433,stadium blvd,1159
1435,212 stevens drive,918
1436,2911 bynan dr.,909
1437,birch hollow,969
1438,lancashire drive,1269
1439,golfside,875
1440,140 lauff drive,970
1441,512 n ashley st,1295
1442,2501 keystone lane,1040
1443,3998 audrey rae ln.,1165
1444,2201 glencoe hills drive,929
1445,525 west highland rd,1029
1446,212 stevens drive,918
1447,212 stevens drive,918
1448,201 e madison st,3345
145,w liberty,1499
1450,twin lakes drive,919
1451,3998 audrey rae ln.,1165
1452,518 e william st,3295
1453,2960 international,1019
1456,1980 pauline boulevard,1189
1457,512 n ashley st,1295
1458,w liberty,1589
1459,22250 swan road,765
146,latson,1110
1460,south main street,1488
1462,2820 windwood,1644
1464,lancashire drive,1419
1465,140 lauff,970
1466,1984 traver road,1239
1468,520 n ashley st,1395
147,329 jarvis street,1095
1471,1863 collins ct.,999
1472,1840 collins ct,999
1473,1837 davis st.,999
1474,3265 boardwalk drive,1410
1475,518 e william st,1780
1476,2044 mcdivitt ct.,1364
1478,520 n ashley st,1325
148,101 lake village,1422
1481,w liberty,1569
1482,3050 birch hollow dr,975
1483,1984 traver rd,1219
1484,955 sumpter road,1100
1485,twin lakes drive,1129
1486,211 washington,900
1487,stadium blvd,1229
1488,stadium blvd,1229
1489,stadium blvd,1229
149,e prospect,815
1490,stadium blvd,1229
1493,stadium blvd,1229
1494,schooner cove boulevard,979
1495,south main street,1329
1496,3050 birch hollow dr,1095
1497,2820 windwood,1644
1498,108 washtenaw,800
1499,stadium blvd,1199
15,101 lake village,1304
150,e prospect,815
1500,108 washtenaw,800
1501,108 washtenaw,800
1503,211 washington,700
1506,2960 international dr.,839
1507,twin lakes drive,919
1508,2960 international dr.,989
151,12 miles,1195
1510,1984 traver rd,1469
1511,727 e kingsley st,1795
1512,525 west highland rd,1029
1514,s main street,2251
1516,2820 windwood,1483
1517,catherine street,850
1518,140 lauff drive,970
1519,275 harbor way,1399
152,329 jarvis street,795
1520,twin lakes drive,909
1521,1816 stadium place,1019
1524,2960 international dr.,989
1526,3400 nixon rd,2731
1527,3400 nixon rd,2003
1528,3400 nixon rd,1903
1529,3998 audrey rae ln.,1200
153,329 jarvis street,795
1530,3400 nixon rd,1596
1531,3400 nixon rd,1501
1532,3400 nixon rd,1486
1533,512 n ashley st,1295
1534,527 s 4th ave,1295
1535,2501 keystone ln,840
1536,2501 keystone ln,840
1537,2501 keystone ln,1040
1538,2501 keystone ln,1040
1539,1550 brookfield,1549
154,958 west cross street,2195
1540,825 tappan ave,1045
1541,1116 norman place,1049
1542,twin lakes drive,959
1543,414 s division st,1295
1544,3050 birch hollow dr,1170
1545,508 n hamilton,600
1546,11 n normal,800
1547,140 lauff,1040
1548,1984 traver rd,1489
1549,111 n ashley,2500
155,805 congress st.,815
1550,101 lake village,1862
1552,twin lakes drive,959
1553,lancashire drive,1679
1554,518 e william,1765
1557,2960 international dr.,959
1559,518 e william st,2395
156,805 congress,1295
1560,275 harbor way,1885
1563,518 e william st,874
1566,twin lakes drive,889
1567,2201 glencoe hills drive,929
1568,1315 oak valley dr,1425
1569,1505 natalie lane,1265
157,705 pearl street,1995
1570,2911 bynan dr.,859
1571,155 lake village dr,1522
1572,liberty,1425
1573,schooner cove boulevard,979
1574,south main street,1522
1575,stadium blvd,1039
1576,518 e william st,1825
1577,packard,4080
1578,1550 brookfield,1499
158,615 pearl street,750
1583,41265 crossbow circle,1425
1587,2960 international drive,889
1588,275 harbor way,1499
1589,2820 windwood,1675
159,615 pearl street,675
1590,leslie circle,1559
1591,4854 washtenaw,1260
1592,1863 collins ct.,999
1593,1840 collins ct,999
1594,1837 davis st.,999
1595,2044 mcdivitt ct.,1364
1597,332 e willian,1060
1598,332 e william,1225
1599,332 e william,1595
16,10910 independence lane,859
160,615 pearl street,695
1600,409 s division,5175
1601,530 s division,7200
1602,stadium blvd,1229
1603,stadium blvd,1229
1604,1400 morton ave,1400
1605,stadium blvd,1229
1607,2130 washtenaw avenue,2195
1608,glencoe hills dr.,899
161,615 pearl street,695
1610,2856 barclay way,1850
1612,955 sumpter road,1100
1613,2820 windwood,1483
1614,2820 windwood,1644
1615,2973 west clark rd,999
1616,schooner cove boulevard,979
1617,2973 west clark rd,1299
1618,1355 s. winter st.,680
1619,2911 bynan dr.,967
162,212 north summit street,1245
1620,140 lauff drive,1030
1621,1980 pauline boulevard,1189
1622,schooner cove boulevard,889
1623,leslie circle,1739
1624,1550 brookfield,1529
1625,twin lakes drive,959
1626,ann arbor saline rd,2251
1627,1647 franklin,1900
1628,1980 pauline boulevard,1209
1629,1550 brookfield dr,1239
163,207 ballard street,1095
1630,twin lakes drive,1109
1631,2501 keystone lane,915
1633,1984 traver rd,1219
1635,2501 keystone lane,1040
1636,1550 brookfield,1579
1637,leslie circle,1879
1638,s main street,1495
1639,275 harbor way,1499
164,329 jarvis street,1095
1641,twin lakes drive,939
1642,727 e kingsley st,1795
1643,520 n ashley st,1325
1644,stadium blvd,1229
1645,schooner cove blvd,979
1646,140 lauff drive,1040
1649,1550 brookfield,1549
165,9 south summit st.,2095
1650,ann arbor saline rd,1784
1651,321 williamsen dr,1070
1652,golfside road,1129
1653,pauline,1189
1654,2960 international dr.,869
1657,2501 keystone lane,915
1658,2501 keystone lane,1040
1659,1984 traver rd,1489
166,116 north summit street,1695
1660,40530 tamarack dr,929
1661,27883 independence st,825
1662,27883 independence st,1090
1663,3400 nixon rd,2731
1664,3400 nixon rd,2003
1665,3400 nixon rd,1903
1666,3400 nixon rd,1596
1667,3400 nixon rd,1501
1668,3400 nixon rd,1486
1669,twin lakes drive,919
167,124 north summit street,1295
1670,schooner cove blvd,829
1671,1980 pauline boulevard,1209
1672,stadium blvd,1229
1673,2230 melbourne,1304
1675,harriet,1350
1676,2311 lancashire drive,1249
1677,275 harbor way,1885
1678,stadium blvd,1079
168,125 north summit street,1245
1680,3100 s. winter st.,825
1682,3050 birch hollow dr,1410
1683,1980 pauline boulevard,1209
1685,1984 traver rd,1369
1686,518 e william,2395
1687,stadium blvd,1199
1689,275 harbor way,1499
169,125 north summit street,769
1690,1751 cass lake front st,950
1691,1919 dexter avenue,2450
1692,golfside,875
1693,1980 pauline boulevard,1189
1694,8100 east jefferson avenue,10105
1695,leslie circle,1419
1696,twin lakes drive,1119
1698,golfside,995
17,4873 packard st,955
170,207 ballard street,975
1702,5800 benson dr,759
1703,525 w. highland rd,1029
1705,140 lauff drive,970
1706,5800 benson dr,817
1707,south main street,1534
1709,2911 bynan,909
171,207 ballard street,1045
1710,1980 pauline blvd,1029
1711,275 harbor way,1399
1712,275 harbor way,1499
1713,2960 international drive,889
1716,twin lakes drive,889
1717,41265 crossbow circle,1130
1719,5800 benson dr,749
172,2835 roundtree blvd,969
1720,41265 crossbow circle,1130
1721,16000 silver parkway,1345
1722,16000 silver parkway,1345
1723,1863 collins ct.,999
1724,1840 collins ct,999
1725,1533 pine valley blvd,1200
1726,1837 davis st.,999
1727,2044 mcdivitt ct.,1364
1728,403 south fifth avenue,2150
1729,2973 west clark rd,1299
173,212 stevens drive,818
1731,2201 glencoe hills drive,1109
1732,pauline blvd,1189
1733,1550 brookfield,1579
1734,stadium blvd,1039
1735,schooner cove blvd,889
1736,1984 traver rd,1369
1737,955 sumpter road,1100
1738,2973 west clark rd.,1299
1739,2960 birch hollow dr,1209
1740,south main street,1495
1741,pauline blvd,1189
1742,2820 windwood,1644
1743,1993 arbor woods blvd,1299
1744,201 s. first st.,2405
1745,1751 cass lake front st,950
1746,1550 brookfield,1549
1747,1315 oak valley dr,1315
1748,140 lauff drive,1030
1749,201 s. 1st street,2385
175,3050 birch hollow dr,975
1751,2501 keystone ln,840
1752,leslie circle,1389
1753,2501 keystone ln,840
1754,2501 keystone ln,1040
1755,2501 keystone ln,1040
1756,1984 traver rd,1219
1757,1980 pauline boulevard,1309
1758,1550 brookfield dr,1359
1759,1355 s. winter st.,680
1760,2960 international drive,1019
1761,south main street,1929
1762,south main street,1495
1763,2960 birch hollow dr,1039
1765,schooner cove blvd,979
1766,pauline,1029
1767,stadium blvd,1199
1768,1984 traver rd,1219
1769,16000 silver parkway,1345
177,2044 mcdivitt ct.,1250
1770,459 village green blvd,1349
1771,2911 bynan dr.,909
1772,3400 nixon rd,2724
1773,south main street,1280
1774,3400 nixon rd,2003
1775,3400 nixon rd,1903
1776,3400 nixon rd,1581
1777,3400 nixon rd,1486
1778,3400 nixon rd,1471
1779,pepperidge trail,2300
1780,kenicott,1700
1781,dufree,1300
1783,town commons,2400
1784,leith,2200
1785,16000 silver parkway,1345
1786,2960 birch hollow dr,1009
1787,140 lauff,1040
1788,kellogg st,1250
1789,3100 s. winter st.,815
179,600 hidden valley club drive,990
1790,pauline blvd,1189
1791,leslie circle,1879
1792,539 packard,4250
1793,golfside,995
1794,golfside,875
1796,201 e madison st,3345
1798,140 lauff drive,970
1799,2960 birch hollow dr,1029
18,214 south hewitt,880
180,2960 birch hollow dr,1209
1800,1021 north rd. #d3,600
1801,south main street,1507
1802,2973 west clark rd,999
1803,2973 west clark rd,1299
1804,1980 pauline boulevard,1209
1806,1245 astor,1670
1807,2200 fuller ct,1880
1808,401 s. highlander way,878
1809,39 menlo park,15900
181,3089 woodland hills dr,1249
1810,2911 bynan dr.,969
1811,210 n thayer st.,4500
1812,212 stevens drive,918
1813,1004 s main,3400
1819,510 north center street,900
182,1550 brookfield,1579
1820,525 west highland rd,1029
1821,2911 bynan,969
1822,518 e william st,2395
1823,1863 collins ct.,999
1825,1840 collins ct,999
1826,1837 davis st.,999
1827,2044 mcdivitt ct.,1364
1828,3265 boardwalk drive,1530
1829,2973 west clark rd.,1149
183,e clark,635
1830,2973 west clark rd,1299
1832,416 s. 5th avenue,2190
1833,396 west delhi,1580
1834,396/398 west delhi,1580
1835,396/398 west delhi,1580
1836,west delhi road,1580
1837,396/398 west delhi,1580
1838,396/398 west delhi,1580
184,1980 pauline boulevard,1229
1841,258 plymouth road,1190
1842,155 lake village dr,1587
1843,414 s division st,1295
1845,2224 golfside drive,1076
1846,2224 golfside drive,989
1847,2973 west clark rd,999
1848,2820 windwood,1675
1850,101 lake village,1491
1851,101 lake village,1284
1854,2820 windwood,1644
1855,emmet,875
1856,emmet,1200
1857,2973 west clark,1299
1858,101 lake village,1507
1860,downing,1500
1861,dunlavy lane,1450
1862,2502 packard st,1450
1863,101 lake village,1289
1864,101 lake village,1587
1865,700 miller,2400
1866,24 s. normal st,950
1867,1315 oak valley drive,1245
1868,275 harbor way,1499
1869,2820 windwood,1483
187,w liberty,1619
1872,2820 windwood,1675
1873,3089 woodland hills dr,1249
1874,321 williamsen dr,1075
1875,2224 golfside drive,1076
1876,2224 golfside drive,989
1877,2820 windwood,1483
1878,101 lake village,1507
1879,16000 silver parkway,1345
1880,1863 collins ct.,999
1881,1840 collins ct,999
1882,1837 davis st.,999
1883,3100 s. winter st.,825
1884,2044 mcdivitt ct.,1364
1885,3089 woodland hills dr,1249
1886,525 west highland rd,1029
1888,3100 s. winter st.,775
1889,22250 swan rd,777
189,2501 keystone ln,1065
1891,2820 windwood,1644
1892,e. ann st.,985
1893,e. ann st.,1070
1894,e. ann st.,1085
1895,3089 woodland hills dr,1269
1897,1315 oak valley drive,1315
1899,south main streeta,1507
19,10910 independence lane,775
190,2501 keystone ln,1065
1900,1984 traver rd,1369
1901,2911 bynan dr,909
1902,stadium blvd,1039
1903,schooner cove boulevard,829
1904,1984 traver rd,1489
1905,twin lakes drive,959
1906,twin lakes dr.,919
1907,2820 windwood,1483
1908,1984 traver rd,1084
1909,1315 oak valley drive,1425
191,2501 keystone ln,840
1910,twin lakes dr,1369
1912,275 harbor way,1449
1913,2500 lakeshore blvd,1150
1914,2501 keystone ln,1040
1915,2501 keystone ln,1040
1916,2501 keystone ln,840
1917,2501 keystone ln,840
1918,leslie circle,1389
1919,3089 woodland hills dr,849
192,1409 catalpa dr,1000
1920,27883 independence st,925
1921,2500 lakeshore blvd,1100
1922,2960 birch hollow dr,1039
1923,2500 lakeshore blvd,1050
1924,2820 windwood,1483
1925,south main street,1294
1926,twin lakes drive,959
1927,2500 lakeshore blvd,890
1928,275 harbor way,1399
1929,3050 birch hollow dr,1150
1930,2500 lakeshore blvd,850
1931,2500 lakeshore blvd,860
1932,schooner cove blvd,979
1933,stadium blvd,1109
1934,birch hollow dr,999
1935,140 lauff drive,1030
1936,1315 oak valley dr,1323
1937,south main street,1587
1938,pauline,1209
194,2501 keystone ln,840
1941,275 harbor way,1499
1942,3089 woodland hills dr,849
1943,3089 woodland hills dr,959
1944,140 lauff drive,1040
1945,401 s. highlander way,1143
1946,1550 brookfield dr,1359
1948,2960 birch hollow dr,999
1949,2960 birch hollow dr,969
195,2960 international drive,889
1950,schooner cove boulevard,889
1952,525 west highland rd,1029
1954,3089 woodland hills dr,1249
1956,1315 oak valley drive,1315
1959,2353 twin lakes dr,959
196,527 virginia ave,2200
1960,2911 bynan dr.,819
1961,101 lake village,1507
1962,2820 windwood,1644
1963,5800 benson dr,759
1967,1505 natalie lane,1225
1969,140 lauff drive,970
197,3089 woodland hills dr,809
1970,3089 woodland hills dr,1249
1971,2960 international drive,899
1972,stadium blvd,1079
1973,wellsville hwy,850
1974,1315 oak valley dr,1323
1975,1245 astor,1892
1976,1863 collins ct.,999
1977,275 harbor way,1399
1978,1840 collins ct,999
1979,1837 davis st.,999
1980,2044 mcdivitt ct.,1364
1982,stadium blvd,1179
1983,2911 bynan,839
1984,1984 traver rd,1219
1985,2201 glencoe hills drive,929
1987,south main street,1587
1988,twin lakes dr.,909
1989,latson,1130
199,roundtree blvd.,959
1990,2820 windwood,1644
1991,1984 traver rd,1419
1992,3050 birch hollow dr,975
1993,1550 brookfield,1489
1994,pauline,1209
1995,pauline,1189
1996,600 hidden valley club drive,1340
1997,twin lakes dr.,919
1998,41265 crossbow circle,1425
1999,140 lauff drive,970
20,10910 independence lane,790
200,twin lakes drive,959
2000,41265 crossbow,1130
2001,1550 brookfield,1529
2003,2201 glencoe hills drive,1119
2004,twin lakes dr.,889
2005,schooner cove boulevard,979
2007,stadium blvd,1039
2008,2501 keystone lane,1035
2009,leslie circle,1389
201,221 normal,945
2011,101 lake village,1420
2012,1984 traver rd,1219
2013,1550 brookfield,1529
2014,727 e kingsley st,1645
2015,1005 maiden lane,1359
2016,2501 keystone lane,1035
2018,birch hollow drive,999
2019,275 harbor way,1499
2020,1901 pointe lane,1660
2021,1901 pointe lane,1390
2022,twin lakes dr.,959
2024,1005 maiden lane,1499
2025,1980 pauline boulevard,1189
2026,2960 international dr.,959
2027,825 tappan ave,1345
2028,3400 nixon rd,1476
2029,3400 nixon rd,1511
203,414 s division st,1295
2030,1355 s. winter st.,775
2031,schooner cove boulevard,979
2032,1245 astor avenue,1575
2033,825 tappan ave,1495
2034,2502 packard st.,2799
2036,1751 cass lake front st,925
2037,stadium blvd,1079
2038,140 lauff drive,1030
2039,825 tappan ave,1595
204,275 harbor way,1885
2040,1082 e. chicago blvd.,885
2041,south main street,1368
2043,1980 pauline boulevard,1029
2044,2911 bynan,969
2045,525 w. highland rd,1029
2046,pauline,1209
2047,1980 pauline boulevard,1209
2048,825 tappan ave,1595
2049,275 harbor way,1399
2051,2960 international drive,1019
2052,twin lakes dr.,889
2053,2501 keystone lane,1035
2054,2911 bynan dr.,919
2055,508 hill st,4595
2057,527 s 4th ave,1295
2058,1000 w huron st,1250
2059,554 s 5th ave,1499
206,1082 e chicago blvd,885
2060,825 tappan ave,1595
2062,728 s main st,1395
2063,140 lauff drive,1040
2064,908 sybil st,1625
2065,1000 w huron st,1175
2066,2353 twin lakes dr,1109
2067,101 lake village,1502
2068,459 village green blvd,1303
207,leslie circle,1559
2070,1980 pauline boulevard,1189
2071,2501 keystone lane,1035
2073,3050 birch hollow dr,1210
2074,553 s 4th ave,1195
2075,140 lauff drive,970
2076,twin lakes dr,1369
2077,2020 arbor circle east,1279
208,w liberty,1389
2080,2820 windwood,1644
2081,1863 collins ct.,999
2082,417 n hamilton st,1395
2083,1840 collins ct,999
2084,1315 oak valley dr,1245
2085,1450 chestnut drive,930
2086,3265 boardwalk drive,1530
2087,518 e william st,1765
2088,1837 davis st.,999
2089,2044 mcdivitt ct.,1364
209,1984 traver rd,1469
2091,"275 fieldcrest street , mi 48103",1415
2092,308 packard street,995
2093,baker,1304
2095,419 montgomery avenue,1900
2096,2002 brampton court,2000
2097,1942 west liberty,1429
2098,1980 pauline boulevard,1189
2099,south main street,1587
21,275 harbor way,1399
2100,3100 s. winter st.,815
2101,south main street,1420
2102,stadium blvd,1179
2103,stadium blvd,1179
2104,200 trealout dr.,970
2105,1984 traver rd,1489
2106,2224 golfside drive,989
2107,stadium blvd,1179
2108,2960 birch hallow dr.,1009
2109,3400 nixon rd,2687
211,1245 astor ave,1480
2111,2224 golfside drive,1076
2112,3400 nixon rd,2100
2113,27883 independence st,925
2114,2960 birch hallow dr.,1009
2115,2960 birch hollow dr,1029
2116,3400 nixon rd,1995
2117,3400 nixon rd,1572
2118,2960 birch hollow dr,1029
2119,3400 nixon rd,1476
212,221 normal,995
2120,955 sumpter road,1100
2121,2960 birch hallow dr.,969
2122,3400 nixon rd,1511
2123,3100 s. winter st.,825
2124,1550 brookfield,1489
2125,1550 brookfield,1589
2126,49000 denton road,852
2127,1980 pauline boulevard,1189
2128,49000 denton road,828
2129,dewey,1400
213,2835 roundtree blvd,1039
2130,dexter,1450
2131,southlawn,1800
2132,49000 denton road,878
2133,2820 windwood,1644
2134,latson,1100
2135,1863 collins ct.,999
2136,1840 collins ct,999
2137,1837 davis st.,999
2138,twin lakes drive,959
2139,1550 brookfield,1489
2140,clark rd,1350
2141,1984 traver rd,1469
2142,2501 keystone ln,1035
2143,2501 keystone ln,1035
2144,2501 keystone ln,1035
2145,2501 keystone ln,1035
2146,212 stevens drive,918
2147,212 stevens drive,918
2148,212 stevens drive,818
2149,508 hill st,4595
215,1550 brookfield,1609
2150,south main street,1360
2151,south main street,1502
2152,1315 oak valley drive,1345
2153,525 west highland rd,1029
2154,2044 mcdivitt ct.,1364
2155,2820 windwood,1483
2156,2820 windwood,1644
2157,2960 international dr.,819
2158,latson,935
2159,1984 traver rd,1369
216,1751 cass lake front st,950
2160,3089 woodland hills dr,1269
2161,stadium blvd,1199
2162,140 lauff drive,970
2163,stadium blvd,1109
2165,2960 birch hollow dr.,999
2166,4854 washtenaw ave,1165
2167,1315 oak valley drive,1345
2168,275 harbor way,1449
2169,3050 birch hollow dr,1210
217,27883 independence st,825
2170,525 west highland rd,1029
2171,2911 bynan,959
2172,41265 crossbow circle,1425
2173,275 harbor way,1399
2174,2911 bynan,909
2175,2820 windwood,1675
2178,2960 international drive,889
2179,2960 birch hallow dr.,1179
218,2960 international dr.,1019
2183,1863 collins ct.,999
2184,1840 collins ct,999
2185,1837 davis st.,999
2186,2044 mcdivitt ct.,1364
2187,jackson,2200
2188,dellwood dr,1845
2189,1984 traver rd,1219
2190,275 harbor way,1499
2191,latson,1100
2192,stadium blvd,1179
2193,3050 birch hollow dr,1210
2194,stadium blvd,1179
2195,stadium blvd,1179
2196,101 lake village,1492
2198,275 harbor way,1399
2199,4676 pearl street,2500
220,3089 woodland hills dr,1249
2200,203 hurd st.,1000
2201,2960 birch hallow dr.,1009
2202,3050 birch hollow dr,1210
2203,2501 keystone lane,1035
2204,1984 traver rd,1219
2206,2201 glencoe hills,1109
2208,101 lake village,1587
2209,101 lake village,1488
221,2960 international dr.,989
2210,2960 birch hallow dr.,1209
2211,201 e madison st,3345
2212,275 harbor way,1499
2213,508 hill st,4595
2214,554 s 5th ave,1045
2215,728 s main st,1395
2216,908 sybil st,1595
2217,1000 w huron st,1250
2218,2501 keystone lane,1035
2219,27883 independence st,925
222,2960 birch hollow dr,1209
2220,1751 cass lake front st,950
2221,275 harbor way,1449
2222,twin lakes drive,959
2224,825 tappan ave,1045
2225,2501 keystone lane,1035
2226,1984 traver rd,1219
2227,3008 randolph court dr.,1158
2228,3050 birch hollow drive,1
2229,3998 audrey rae ln.,1165
223,275 harbor way,1449
2230,101 lake village,1326
2231,3998 audrey rae ln.,1165
2232,3998 audrey rae ln.,1205
2233,518 e william st,3995
2234,2960 international dr.,959
2235,2973 west clark rd,989
2236,140 lauff drive,970
2238,275 harbor way,1399
2239,825 tappan ave,1595
224,1005 maiden lane,1299
2241,2201 glencoe hills,2179
2242,140 lauff drive,1040
2244,140 lauff drive,1040
2245,223 south st.,675
2247,stadium blvd,1199
2248,2501 keystone lane,1035
2249,golfside,875
225,2960 international dr.,959
2250,golfside,995
2251,101 lake village,1492
2252,2960 birch hallow dr.,1029
2253,2828 deake ave,1600
2254,2820 windwood,1483
2255,212 stevens drive,918
2257,212 stevens drive,918
2258,140 lauff drive,970
2259,5050 northfield dr,675
226,2960 international,999
2260,stadium blvd,1079
2262,lohr,1390
2263,1315 oak valley dr,1323
2265,1984 traver rd,1219
2266,200 trealout dr.,970
2268,200 trealout dr.,970
2269,200 trealout dr.,925
227,600 hidden valley club drive,1110
2270,200 trealout dr.,925
2271,200 trealout dr.,925
2272,200 trealout dr.,925
2273,200 trealout dr.,925
2274,200 trealout dr.,970
2276,1984 traver rd,1489
2277,golfside road,959
2278,155 lake village dr,1406
2279,140 lauff drive,970
228,3100 s. winter st.,835
2280,golfside lake,959
2281,stadium blvd,1079
2282,stadium blvd,1199
2284,fieldcrest,1460
2285,fieldcrest,2077
2286,fieldcrest,2172
2287,210 w. shawnee st.,725
2288,101 lake village,1587
2289,2501 keystone ln,1035
229,1005 maiden lane,1359
2290,2501 keystone ln,1035
2291,109  e. ann,1675
2292,2501 keystone ln,1035
2293,2501 keystone ln,1035
2294,1984 traver rd,1219
2299,554 s 5th ave,1499
23,pauline,1149
230,1005 maiden lane,1299
2300,2973 w. clark rd,999
2301,stadium blvd,1179
2302,101 lake village,1488
2303,2960 international drive,889
2304,324 e jefferson st,1025
2305,728 s main st,1645
2306,1000 w huron st,1250
2307,527 s 4th ave,1845
2308,2960 international dr.,959
2309,3100 s. winter st.,825
231,140 lauff,980
2311,golfside,875
2312,2201 glencoe hills drive,929
2313,stadium blvd,1179
2314,275 harbor way,1399
2315,golfside,995
2316,golfside,895
2317,275 harbor way,1449
2318,275 harbor way,1499
232,leslie circle,1419
2321,1751 cass lake front st,950
2322,27883 independence st,925
2323,2960 international drive,979
2324,101 lake village,1406
2325,212 east william,1660
2326,stadium blvd,1179
2327,1980 pauline boulevard,1189
2328,schooner cove blvd,979
2329,140 lauff drive,1040
2330,214 south hewitt,950
2331,214 south hewitt,860
2332,214 s hewitt rd,860
2333,1332 geddes,900
2336,212 stevens drive,918
2337,3400 nixon rd,2747
2338,3400 nixon rd,2100
2339,2201 glencoe hills drive,929
234,2960 international,989
2340,3400 nixon rd,2000
2341,3400 nixon rd,1582
2342,3400 nixon rd,1476
2343,3400 nixon rd,1511
2345,1901 pointe lane,1190
2347,140 lauff drive,970
2348,324 e jefferson st,1745
235,212 stevens drive,918
2350,212 stevens drive,818
2351,212 stevens drive,818
2352,212 stevens drive,918
2353,212 stevens drive,818
2354,1863 collins ct.,999
2355,1840 collins ct,999
2356,1837 davis st.,999
2357,2044 mcdivitt ct.,1364
236,212 stevens drive,918
2360,brookline,1177
2361,921 rickett rd,1995
2362,s 1st,1155
2363,3520 charter pl,3000
2364,charlton,925
2365,lawrence,1400
2366,south main street,1587
2367,603 e. huron street,999
2368,2820 windwood,1483
2369,2820 windwood,1483
237,212 stevens drive,918
2370,2820 windwood,1644
2371,808 westwood,950
2372,south main street,1488
2373,south main street,1324
2374,south main street,1406
2375,2820 windwood,1675
2376,2820 windwood,1675
2377,306 highlake,1550
238,3089 woodland hills dr,939
2384,2820 windwood,1644
2385,south main street,1488
2386,latson,1100
2387,2201 glencoe hills drive,929
239,1550 brookfield,1499
2392,2960 international drive,989
2394,2960 international drive,889
2395,2820 windwood,1675
2396,3100 s. winter st.,825
2397,2820 windwood,1483
2399,275 harbor way,1399
24,214 south hewitt,970
2400,south main street,1329
2401,2820 windwood,1644
2402,22250 swan rd,812
2403,3100 s. winter st.,725
2404,1863 collins ct.,999
2405,1840 collins ct,999
2406,2201 glencoe hills drive,929
2407,1837 davis st.,999
2408,south main street,1406
2409,2044 mcdivitt ct.,1364
241,2911 bynan,859
2410,2820 windwood,1644
2411,2960 international drive,889
2414,1315 oak valley drive,1345
2415,1984 traver rd,1489
2416,1984 traver road,1219
2417,16700 quarry,810
2418,1355 s. winter st.,775
2419,1984 traver rd,1219
242,w liberty,1429
2420,latson,1130
2421,2820 windwood,1487
2422,101 lake village,1338
2423,golfside,895
2424,2960 international drive,979
2425,2960 international drive,969
2426,stadium blvd,1179
2427,stadium blvd,1199
2428,3100 s. winter st.,725
2429,2960 international drive,849
243,101 lake village,1544
2430,2501 keystone ln,1035
2431,2501 keystone ln,1035
2432,2501 keystone ln,1035
2433,2501 keystone ln,1035
2435,michigan avenue,950
2436,stadium blvd,1179
2437,101 lake village,1587
2439,101 lake village,1488
2440,2820 windwood,1644
2442,2224 golfside drive,989
2443,2224 golfside drive,1076
2444,727 e kingsley st,1795
2445,520 n ashley st,1325
2446,520 n ashley st,1395
2447,727 e kingsley st,1795
2448,212 stevens drive,818
2449,1984 traver road,1219
245,3089 woodland hills dr,809
2450,101 lake village,1338
2451,2960 international drive,889
2452,275 harbor way,1499
2453,518 e william st,2395
2454,512 n ashley st,1295
2455,140 lauff drive,970
2456,2820 windwood,1675
2457,1980 pauline boulevard,1189
2458,518 e william st,1670
2459,stadium blvd,1039
246,527 s 4th ave,1295
2461,201 e madison st,3345
2462,414 s division st,1295
2463,140 lauff drive,1040
2464,101 lake village,1534
2465,122 glendale drive,1700
2466,stadium blvd,1179
2467,2960 birch hallow dr.,1009
2468,140 lauff drive,980
2469,275 harbor way,1399
247,3089 woodland hills dr,1249
2470,2820 windwood,1644
2471,518 e william st,1740
2472,3089 woodland hills dr,1249
2473,727 e kingsley st,1795
2474,1863 collins ct.,999
2475,1840 collins ct,999
2476,1837 davis st.,999
2477,508 hill st,4595
2478,2044 mcdivitt ct.,1364
2479,2960 international drive,889
248,1980 pauline boulevard,1249
2480,1000 north huron river drive,549
2481,1984 traver rd,1219
2482,4854 washtenaw ave,1095
2483,2973 west clark rd,2299
2484,1355 s. winter st.,775
2485,3089 woodland hills dr,1269
2486,latson,1100
2487,stadium blvd,1199
2488,twin lakes,889
2489,stadium blvd,1109
249,2820 windwood,1644
2490,pauline,1209
2491,101 lake village,1585
2492,2820 windwood,1644
2493,4854 washtenaw ave,890
2494,553 s 4th ave,1195
2495,520 n ashley st,1395
2496,520 n ashley st,1325
2497,2501 keystone lane,1035
2499,113 s washington st,600
2500,512 n ashley st,1295
2501,4685 hunt club dr,1550
2502,4685 hunt club dr.,1134
2503,golfside,875
2504,4685 hunt club dr.,1276
2505,golfside,995
2506,527 s 4th ave,1845
2507,twin lakes drive,919
2508,2502 packard st.,1979
2509,5800 benson dr,1249
2510,1984 traver rd,1419
2511,2501 keystone lane,1035
2512,south main street,1480
2513,554 s 5th ave,1045
2514,2502 packard st.,1709
2515,1315 oak valley dr,1345
2516,2820 windwood,1675
2517,825 tappan ave,1345
2518,4854 washtenaw ave,1095
2519,twin lakes drive,1369
252,pauline blvd,1149
2520,calhoun,500
2521,3089 woodland hills dr,1269
2522,275 harbor way,1399
2523,2960 birch hallow dr.,1179
2524,212 stevens drive,818
2525,1714 meadow woods blvd.,1015
2526,1000 w huron st,1250
2528,1980 pauline boulevard,1029
2529,3100 s. winter st.,725
2530,2960 international drive,959
2531,908 sybil st,1595
2532,625 south forest,1850
2533,1315 oak valley dr,1321
2534,2960 international drive,969
2535,2960 international drive,999
2536,49000 denton road,1298
2537,49000 denton road,878
2538,728 s main st,1395
2539,101 lake village,1411
254,212 stevens dr,918
2540,3089 woodland hills dr,1269
2542,22250 swan rd,820
2543,212 stevens drive,818
2544,212 stevens drive,918
2545,728 s main st,1645
2546,212 stevens drive,918
2547,212 stevens drive,918
2548,pauline,1209
2549,2820 windwood,1483
255,briarcrest,1390
2550,stadium blvd,1179
2551,2960 international drive,849
2552,554 s 5th ave,1499
2553,140 helle blvd,995
2554,1984 traver rd,1219
2555,49000 denton road,828
2556,508 hill st,1325
2557,2960 international dr.,989
2558,2960 international dr.,839
2559,518 e william st,3995
2560,518 e william st,2395
2562,2985 gady rd,900
2563,2501 keystone lane,1035
2564,2501 keystone,1035
2565,825 tappan ave,1595
2566,3400 nixon rd,2774
2567,3400 nixon rd,2100
2568,140 lauff drive,970
2569,3400 nixon rd,2000
2570,212 stevens drive,818
2571,3400 nixon rd,1582
2572,212 stevens drive,918
2573,3400 nixon rd,1476
2574,3400 nixon rd,1511
2575,101 lake village,1290
2576,414 s division st,1295
2577,2224 golfside drive,898
2578,2020 arbor circle east,1449
2579,2020 arbor circle east,1099
258,1505 natalie ln,1265
2580,2020 arbor circle east,1449
2581,2020 arbor circle east,1279
2582,2820 windwood,1644
2583,2020 arbor circle east,1099
2584,2020 arbor circle east,1099
2585,2020 arbor circle east,1279
2586,2020 arbor circle east,1449
2587,908 sybil st,1595
2588,1315 oak valley dr,1198
259,3089 woodland hills dr,1249
2590,518 e william st,1670
2591,1863 collins ct.,999
2592,1840 collins ct,999
2593,1837 davis st.,999
2594,727 e kingsley st,1645
2595,2044 mcdivitt ct.,1364
2597,southlawn,1400
2598,dexter,650
26,406 montgomery,1290
260,275 harbor way,1499
2602,bolgos cir,1780
2603,1000 w huron st,1250
2604,2700 hannah blvd,704
2605,madison street,1400
2607,third,2200
2609,2224 golfside drive,1029
261,3089 woodland hills dr,959
2611,2224 golfside drive,898
2612,2224 golfside drive,1029
2613,2224 golfside drive,898
2614,436 fifth st.,2150
2615,1355 s. winter st.,775
2616,101 lake village,1583
2617,140 lauff drive,970
2618,101 lake village,1480
2619,3100 s. winter st.,805
262,1771 plymouth road,2350
2620,dunlavy lane,1450
2621,little lake drive,1600
2622,955 sumpter road,1100
2623,south main street,1213
2624,101 lake village,1408
2625,2501 keystone ln,1035
2626,2501 keystone ln,1035
2627,275 harbor way,1399
2628,140 lauff drive,970
2629,2224 golfside drive,1029
2630,140 lauff drive,1040
2631,latson,1100
2632,140 helle blvd,965
2633,2976 cascade drive,890
2634,2976 cascade drive,890
2639,3400 nixon rd,2100
264,w liberty,1499
2640,3400 nixon rd,2774
2641,1450 chestnut dr.,860
2642,3400 nixon rd,2000
2643,5776 staghorn,1600
2644,3400 nixon rd,1582
2645,3400 nixon rd,1476
2646,1863 collins ct.,999
2647,3400 nixon rd,1511
2648,1840 collins ct,999
2649,1837 davis st.,999
2650,2044 mcdivitt ct.,1364
2651,1860 n maple rd,1000
2652,1860 n maple rd,1100
2654,2973 west clark rd.,1374
2655,2705 barclay way,1700
2656,101 lake village,1581
2657,1984 traver road,1219
2658,2820 windwood,1644
2660,michigan ave,550
2661,stadium blvd,1179
2662,2960 international drive,849
2663,schooner cove boulevard,889
2664,2973 west clark,2509
2665,2501 keystone ln,1035
2666,2501 keystone ln,1035
2667,2501 keystone ln,820
2668,2501 keystone ln,820
2669,275 harbor way,1499
2670,twin lakes drive,1369
2671,101 lake village,1480
2673,2820 windwood,1675
2674,221 n. normal #c5,1400
2675,n.normal #b3,1300
2676,1505 natalie lane,1170
2677,140 helle blvd,945
2678,1984 traver rd,1219
2679,140 lauff drive,1040
268,600 hidden valley club drive,1450
2680,stadium blvd,1179
2681,stadium blvd,1179
2682,2820 windwood,1525
2683,101 lake village drive,1408
2684,221 n. normal,945
2685,thompson st,1400
2686,1505 natalie lane,1380
2687,221 n. normal,945
2689,275 harbor way,1399
269,1980 pauline boulevard,1189
2690,3400 nixon rd,2774
2691,3400 nixon rd,2100
2692,3400 nixon rd,2000
2694,3400 nixon rd,1582
2696,3400 nixon rd,1476
2697,stadium blvd,1179
2698,twin lakes drive,919
2699,140 lauff drive,970
27,1610 longshore dr.,1475
270,2960 birch hollow dr,1179
2700,275 harbor way,1885
2702,3400 nixon rd,1511
2703,212 stevens drive,818
2704,212 stevens drive,918
2705,212 stevens drive,818
2706,212 stevens drive,818
2707,212 stevens drive,918
2708,212 stevens drive,918
2709,212 stevens drive,818
271,3089 woodland hills dr,939
2710,212 stevens drive,818
2711,212 stevens drive,918
2712,212 stevens drive,918
2713,1840 collins ct,999
2714,101 lake village,1005
2715,2820 windwood,1644
2716,1837 davis st.,999
2720,2044 mcdivitt ct.,1364
2724,byron road,1250
2727,wilmot,1795
2729,dunlavy lane,1450
273,324 e jefferson st,1345
2730,4854 washtenaw ave,1155
2731,4854 washtenaw ave,1140
2732,4854 washtenaw ave,1155
2733,4854 washtenaw ave,1155
2734,2820 windwood,1504
2735,2167 medford road,1265
2737,2502 packard st.,1448
2739,2820 windwood,1675
274,w liberty,1379
2740,latson,1125
2742,latson,1100
2746,2820 windwood,1504
2749,pauline,1209
275,3400 nixon rd,2731
2750,3100 s. winter st.,805
2752,mosley,1375
2754,2820 windwood,1644
2755,1355 s. winter st.,775
2756,275 harbor way,1399
276,2960 international drive,989
2760,1875 lake lila lane,1398
2761,2820 windwood,1644
2762,9275 brookside,1050
2763,1984 traver rd,1489
2764,2911 bynan dr.,959
2765,955 sumpter road,1100
2766,stadium blvd,1109
2767,1245 astor ave,1591
2768,south main street,1579
2769,2820 windwood,1504
277,140 lauff drive,1030
2770,stadium blvd,1179
2771,1103 s. latson rd,999
2772,2501 keystone ln,820
2773,2501 keystone ln,820
2774,2501 keystone ln,1035
2775,2501 keystone ln,1035
2777,501 detroit st.,3395
2778,1984 traver road,1219
2779,2820 windwood,1644
278,pauline blvd,1149
2780,1837 davis st.,999
2781,2044 mcdivitt ct.,1364
2782,1863 collins ct.,999
2783,1944 borman ct.,1099
2784,1840 collins ct,999
2786,1751 cass lake front st,950
2787,27883 independence st,925
2789,pauline,1189
279,3050 birch hollow dr,1425
2790,washtenaw,740
2791,140 lauff drive,970
2792,stadium blvd,1179
2794,south main street,1423
2795,washtenaw,740
2796,1245 astor avenue,1650
2799,1245 astor ave,1501
28,406 montgomery,1290
280,3400 nixon rd,2003
2801,townsquare blvd,999
2802,3100 s. winter st.,825
2804,pauline,1189
2806,stadium blvd,1179
2807,1837 davis st.,999
2809,1245 astor avenue,1593
281,4014 gleaner hall,3990
2810,south main street,1610
2814,1670 lake drive,819
2815,825 tappan ave,1495
2816,2044 mcdivitt ct.,1364
2817,825 tappan ave,1045
2818,1863 collins ct.,999
2819,1944 borman ct.,1099
282,3400 nixon rd,1903
2820,1840 collins ct,999
2821,24 s. normal st,950
2822,stadium blvd,1039
2823,latson,1100
2824,955 sumpter road,1100
2825,4685 hunt club dr,1300
2826,275 harbor way,1399
2828,1984 traver road,1219
2829,527 s 4th ave,1295
283,1550 brookfield,1579
2830,1450 chestnut dr.,860
2831,4685 hunt club dr,1400
2833,4685 hunt club dr,1550
2835,ann arbor saline rd,2251
2836,1014 church st,1595
2837,1984 traver rd,1369
2838,727 e kingsley st,1795
2839,5600 fordham circle,1155
284,3400 nixon rd,1626
2840,520 n ashley st,1395
2841,518 e william st,2395
2842,825 tappan ave,1595
2843,324 e jefferson st,1345
2844,2820 windwood,1675
2845,553 s 4th ave,1195
2846,stadium blvd,1179
2847,415 s revena blvd,1700
2848,s revena blvd,1700
2850,825 tappan ave,1595
2851,275 harbor way,1399
2852,324 e jefferson st,1345
2853,205 s state st,2245
2854,1550 brookfield,1589
2855,1984 traver road,1469
2856,1751 cass lake front st,950
2857,414 s division st,1295
2858,553 s 4th ave,1145
286,1550 brookfield,1579
2861,ann arbor saline rd,1875
2863,2820 windwood,1483
2865,3000 signature blvd.,1350
2866,518 e william st,1780
2867,1984 traver rd,1489
2868,1714 meadow woods blvd.,1015
2869,1245 astor ave,1591
287,3400 nixon rd,1501
2870,1980 pauline boulevard,1189
2871,867 n maple.,1725
2873,stadium place,1019
2874,324 e jefferson st,1345
2875,1980 pauline boulevard,1029
2876,140 lauff drive,1040
2877,glencoe hills dr,1069
2878,3400 nixon rd,2774
2879,401 s. highlander way,878
288,2960 birch hollow dr,1209
2880,3400 nixon rd,2195
2881,3400 nixon rd,1995
2882,3400 nixon rd,1582
2883,2201 glencoe hills drive,959
2884,3400 nixon rd,1476
2888,324 e jefferson st,1025
2889,ann arbor saline rd,1784
2890,3400 nixon rd,1511
2891,1550 brookfield,1579
2892,1550 brookfield,1499
2893,1245 astor avenue,1599
2894,2820 windwood,1644
2895,south main street,1119
2897,1984 traver road,1219
2898,518 e william st,3795
29,pauline blvd,562
290,518 e william st,2395
2900,1245 astor avenue,1968
2901,1245 astor ave,1365
2902,324 e jefferson st,1745
2903,3265 boardwalk,1530
2904,821 fountain street,1800
2906,emmet,675
2907,collinson,1200
2909,1315 oak valley dr,1345
291,3400 nixon rd,1486
2910,3000 signature blvd,1618
2912,2820 windwood,1644
2914,800 fuller st,1340
2915,2820 windwood,1675
2916,south main street,1736
2917,1670 lake drive,867
2918,1315 oak valley dr,1321
2919,140 lauff drive,970
292,2001 huron parkway,1195
2920,2501 keystone lane,1035
2921,401 s. highlander way,878
2922,2501 keystone lane,820
2923,south main street,1200
2924,ann arbor saline rd,1534
2925,2820 windwood,1483
2926,200 trelaout dr.,925
2927,200 trealout dr.,925
2929,7636 oliver street,1400
293,pauline blvd,1149
2930,1514 ottawa,2450
2931,4854 washtenaw ave,1140
2932,1315 oak valley drive,1198
2933,4854 washtenaw ave,1155
2934,4854 washtenaw ave,1120
2935,2820 windwood,1644
2936,south main street,2251
2937,twin lakes drive,1119
2938,south main street,1654
2939,201 s. first st.,2485
294,2726 golfside dr.,895
2940,stadium,1099
2941,2820 windwood,1675
2942,stadium,1179
2943,twin lakes drive,889
2944,2501 keystone ln,820
2945,ann arbor saline rd,1774
2946,2501 keystone ln,820
2947,2501 keystone ln,1035
2948,2501 keystone ln,1035
2949,3998 audrey rae ln.,1205
295,2720 golfside dr.,995
2950,1245 astor ave,1968
2952,955 sumpter road,1100
2954,twin lakes drive,919
2956,518 e william st,1670
2957,2835 roundtree blvd,1029
2959,2960 international drive,1079
296,2716 golfside dr.,895
2962,stadium,1179
2963,stadium,1179
2964,golfside,995
2967,golfside,895
2968,ann arbor saline rd,1412
2969,esch,2500
297,520 w. cross st.,1
2970,2820 windwood,1489
2971,4854 washtenaw ave,1235
2972,twin lakes drive,874
2973,5800 benson dr,819
2974,5800 benson dr,819
2975,abbott,1895
298,2973 west clark rd,1074
2980,603 e. huron street,1049
2981,603 e. huron street,1049
2982,abbott,1895
2983,stadium,1179
2984,stadium,1179
2985,5800 benson dr,819
2986,5800 benson dr,1067
2987,5800 benson dr,1067
2988,5800 benson dr,1067
299,955 sumpter road,1100
2990,5800 benson dr,1067
2991,520 n ashley st,1395
2992,5800 benson dr,819
2993,512 n ashley st,1295
2994,2835 roundtree blvd,929
2995,2820 windwood,1644
2996,553 s 4th ave,1145
2997,600 hidden valley club drive,1450
2999,w liberty st,1349
3,1505 natalie lane,1385
30,3050 birch hollow dr,1095
302,2973 west clark rd,1374
303,101 lake village,1560
304,2820 windwood,1675
305,2835 roundtree blvd,939
306,"3912 mason rd, howell, mi",800
307,275 harbor way,1399
308,3005 fernwood,1300
31,214 south hewitt,1000
310,275 harbor way,1499
312,957 sheridan,675
313,957 sheridan,750
314,3050 birch hollow dr,975
315,"221 n. summit, #3",825
316,727 e kingsley st,1645
317,schooner cove blvd.,889
318,2911 bynan,989
32,214 south hewitt,970
320,140 lauff,970
321,"3912 mason rd, howell, mi",800
322,woodridge way,1109
323,275 harbor way,1499
324,1245 astor ave,1923
325,3089 woodland hills dr,1249
326,3089 woodland hills dr,959
327,554 s 5th ave,1045
328,525 w. highland rd,921
329,s. division,2475
33,214 south hewitt,880
330,sylvan,4175
331,514 emmet street,800
332,prospect,4950
334,1245 astor avenue,1590
335,2960 birch hollow dr,1209
336,2960 birch hollow dr,1029
338,213 w. mosley apartment 11,1285
339,1020 lincoln ave.,1890
34,214 south hewitt,1020
340,1020 lincoln ave.,1190
341,211 n. ashley,2500
342,428 ventura ct.,1575
343,2201 glencoe hills,1529
347,olde engligh circle,1250
348,liberty pointe drive,2100
349,pepperidge trail,2300
35,214 south hewitt,860
350,dufree,1300
351,oak pointe,3200
352,academy,3000
355,birch hollow drive,1029
356,2960 birch hollow dr,1209
357,birch hollow drive,1179
359,birch hollow drive,1179
360,2960 birch hollow dr,1009
361,1005 maiden lane,1499
362,schooner cove boulevard,979
363,1550 brookfield,1579
364,leslie circle,1269
365,3089 woodland hills dr,959
371,twin lakes drive,939
374,3089 woodland hills dr,1249
375,3089 woodland hills dr,939
376,1355 s. winter st.,830
377,2911 bynan dr.,989
378,1984 traver rd,1229
379,south main street,2000
380,1980 pauline boulevard,1189
383,1550 brookfield,1579
384,1980 pauline boulevard,1149
386,140 lauff drive,1030
387,3050 birch hollow dr,1150
388,2960 international drive,969
389,leslie circle,1879
39,3089 woodland hills dr,1249
390,roundtree blvd,939
391,1980 pauline boulevard,1189
392,101 lake village,2251
393,2911 bynan,899
394,leslie circle,1269
395,1550 brookfield,1549
396,11551 quirk rd,1095
397,2201 glencoe hills,2179
398,w liberty,1499
399,2201 glencoe hills,1529
4,1505 natalie lane,1185
40,pauline,1149
400,2201 glencoe hills,1149
402,stadium blvd,1199
403,1505 natalie lane,1215
404,stadium blvd,1199
405,3100 s. winter st.,835
406,1315 oak valley drive,1420
407,11551 quirk rd,865
408,3089 woodland hills dr,939
409,golfside,895
41,2973 west clark rd,1374
410,4685 hunt club dr.,1250
411,11551 quirk rd,1210
412,554 s 5th ave,1499
413,schooner cove blvd.,979
414,525 fairbrook,900
415,3089 woodland hills dr,1249
416,2345 woodridge way,1109
417,woodridge way,939
418,birch hollow drive,1029
419,1700 s west ave,855
42,pauline,1219
420,2045 commerce blvd,1049
421,2045 commerce blvd,1049
422,2045 commerce blvd,1049
423,1005 maiden lane,1499
424,1005 maiden lane,1499
425,2345 woodridge way,919
426,stadium blvd,1199
427,3089 woodland hills dr,939
428,2501 keystone ln,840
429,2501 keystone ln,840
430,1005 maiden lane,1359
431,518 e william st,3795
432,2501 keystone ln,1065
433,2501 keystone ln,1065
434,3050 birch hollow dr,1150
437,1980 pauline boulevard,1149
438,1519 abbott,1650
44,pauline,1149
444,2345 woodridge way,1109
445,pauline blvd,1209
446,w liberty,1389
447,600 hidden valley club drive,1110
449,727 e kingsley st,1645
45,"1645 n maple rd # 309, ann arbor, mi",750
450,275 harbor way,1499
451,emmet,875
452,emmet,1200
453,955 sumpter road,1100
454,latson,995
455,1505 natalie lane,1380
456,1984 traver rd,1229
457,101 lake village,1952
46,2224 golfside drive,989
460,w liberty,1379
461,2820 windwood,1644
463,schooner cove boulevard,829
464,stadium blvd,1199
465,stadium blvd,1199
466,2960 birch hollow dr,1209
467,518 e william st,1825
468,2835 roundtree blvd,959
47,"1645 n maple rd # 309, ann arbor, mi",750
470,1550 brookfield,1579
472,3050 birch hollow dr,1210
473,1632 laurel bay drive,770
475,727 e kingsley st,1795
476,2960 international drive,989
478,2976 cascade drive,1155
48,"1645 n maple rd # 309, ann arbor, mi",750
481,3089 woodland hills dr,1249
482,w liberty,1389
484,3050 birch hollow dr,1150
485,125 west hoover avenue,1030
486,pauline blvd,1119
487,pauline blvd,1149
488,roundtree blvd,1079
489,727 e kingsley st,1645
491,stadium blvd,1109
493,2960 international dr.,1019
494,stadium blvd,1199
495,2960 international drive,839
496,275 harbor way,1399
498,twin lakes drive,919
499,3089 woodland hills dr,1249
500,212 stevens drive,938
501,w liberty,1619
502,birch hollow drive,1029
503,518 e william st,3495
504,1505 natalie lane,1320
505,2911 bynan dr.,899
506,w liberty,1379
507,2911 bynan dr,839
508,1984 traver rd,1379
509,518 e william st,3495
51,3008 randolph court dr.,933
510,south main street,1292
511,22250 swan road,895
512,birch hollow drive,1209
514,9935 macon,650
516,1980 pauline boulevard,1249
517,3089 woodland hills dr,939
518,2960 international drive,989
519,1315 oak valley dr,1285
522,roundtree blvd,1039
524,205 s state st,2245
526,22250 swan road,810
53,3089 woodland hills dr,939
530,3998 audrey rae lane,1225
532,1550 brookfield,1499
533,2960 international drive,899
534,275 harbor way,1499
535,1550 brookfield dr,1359
536,3998 audrey rae lane,1165
537,3998 audrey rae ln.,1200
538,3998 audrey rae lane,1165
539,3998 audrey rae lane,1165
540,3998 audrey rae lane,1165
541,600 hidden valley club drive,1450
542,w liberty,1429
543,519 snyder avenue,99
544,4770 downing drive,99
545,2911 bynan,859
546,schooner cove boulevard,889
547,2120 churchill drive,199
548,727 e kingsley st,1795
549,2225 s state street,2059
551,3400 nixon rd,2731
553,1082 e chicago blvd,885
554,2960 international drive,989
555,3400 nixon rd,2003
556,1417 broadway #1,3100
557,1006 pontiac trail #1,1500
558,1427 broadway,3000
559,3400 nixon rd,1903
56,sylvan,3400
560,212 stevens dr,838
561,525 w. highland rd,921
562,2960 international dr.,1019
563,212 stevens dr,918
564,3400 nixon rd,1626
565,2960 international dr.,819
566,e prospect,800
567,3050 birch hollow dr,1150
568,e prospect,815
569,12 miles,1195
57,packard,3875
570,27883 independence st,1090
572,3400 nixon rd,1501
573,275 harbor way,1499
578,3400 nixon rd,1486
58,prospect,5775
581,twin lakes drive,909
582,1014 church st,1695
583,1863 collins ct,999
585,w liberty,1499
586,pauline blvd,1229
587,1980 pauline boulevard,1149
588,pauline blvd,1149
589,309 washtenaw,1050
591,518 e william st,1740
592,packard st,3700
593,1837 davis st,999
594,2960 international,999
595,3050 birch hollow dr,975
596,1315 oak valley drive,1340
597,3998 audrey rae ln.,1165
598,3998 audrey rae ln.,1200
599,3050 birch hollow dr,1210
60,8777 rushside dr,1420
600,1100 hunters run dr,1799
601,2044 mcdivitt ct,1364
606,101 lake village,1560
607,roundtree blvd,969
608,1840 collins ct,999
609,140 lauff,970
610,508 hill st,1325
612,2001 huron parkway,1150
613,pauline,1149
616,packard,949
62,e. ann st.,1085
620,275 harbor way,1499
621,553 s 4th ave,1145
623,275 harbor way,1399
624,1245 astor ave,1590
625,527 s 4th ave,1845
626,311 jarvis,810
628,3265 boardwalk drive,1410
63,e. ann st.,1070
630,2960 birch hollow dr,1179
631,2960 birch hollow dr,1209
632,main,1390
635,1072 rambling road,1495
636,1184 lexington pkwy,1425
637,1061 centennial ave.,1895
638,741 dorset ave,1295
64,e. ann st.,985
641,2756 s knightsbridge circle,1600
645,twin lakes drive,909
646,w liberty,1359
651,955 sumpter road,1100
653,2310 pinecrest,1700
654,roundtree blvd.,1039
656,507 n hamilton,1300
657,2911 bynan,939
658,roundtree blvd,1039
659,954 w cross,995
66,1116 s forest,6000
660,2820 windwood,1644
661,stadium blvd,1199
662,2820 windwood,1644
663,2960 birch hollow dr,1319
664,schooner cove blvd.,889
665,22250 swan rd,774
666,2960 birch hollow dr,1009
667,1550 brookfield,1579
668,1550 brookfield,1579
669,3050 birch hollow dr,1250
670,s main street,1742
671,1984 traver rd,1379
672,stadium blvd,1199
675,607 n. river st.,1300
677,twin lakes drive,919
678,s main street,1300
679,schooner cove boulevard,979
682,pauline blvd,1149
684,virginia,2200
686,3089 woodland hills dr,939
688,600 hidden valley club drive,1260
690,908 sybil st,1595
691,pauline blvd,1149
692,2001 huron parkway,1145
693,2930 roundtree blvd.,939
694,pauline blvd,1149
695,birch hollow drive,1179
696,2960 international drive,889
697,2201 glencoe hills,1099
7,1505 natalie lane,1375
701,stadium blvd,1199
704,518 e william st,3295
705,w liberty,1389
707,140 lauff drive,1030
708,1980 pauline boulevard,1149
709,stadium blvd,1199
710,2501 keystone ln,1040
711,2501 keystone ln,1040
712,2001 huron parkway,1150
713,1550 brookfield,1549
714,2501 keystone ln,840
715,2001 huron parkway,1195
716,2501 keystone ln,840
717,woodridge way,959
718,1103 s latson rd,995
719,burbank drive,1850
72,stadium blvd,1109
720,1103 s latson rd,995
721,middle court,975
722,1984 traver rd,1229
724,213 s. 4th ave,2395
725,roundtree blvd,979
727,212 stevens dr,918
728,27883 independence st,825
729,3089 woodland hills dr,1249
73,stadium blvd,1229
730,212 stevens dr,918
731,212 stevens dr,818
732,212 stevens dr,818
733,212 stevens dr,918
734,212 stevens dr,918
736,275 harbor way,1885
738,518 e william st,2395
739,321 williamsen dr,1070
74,stadium blvd,1159
740,2960 international drive,989
743,2020 arbor circle east,1449
744,2020 arbor circle east,1229
745,2020 arbor circle east,1099
746,stadium blvd,1199
747,2020 arbor circle east,1099
748,s main street,1393
749,2020 arbor circle east,1229
75,stadium blvd,1199
750,459 village green blvd,1347
751,525 west highland rd,1004
752,2020 arbor circle east,1049
753,1005 maiden lane,1499
754,1005 maiden lane,1359
755,pauline blvd,1229
756,twin lakes drive,959
757,2020 arbor circle east,1229
758,553 s 4th ave,1145
759,275 harbor way,1449
760,w liberty,1389
762,leslie circle,1879
766,2835 roundtree blvd,1039
768,2835 roundtree blvd,939
769,2835 roundtree blvd,939
77,stadium blvd,1079
771,2835 roundtree blvd,1079
772,2835 roundtree blvd,1039
773,2835 roundtree blvd,939
774,2835 roundtree blvd,1039
775,stadium blvd,1109
776,5800 benson dr,817
777,3089 woodland hills dr,959
778,1984 traver rd,1379
779,5800 benson dr,992
780,2835 roundtree blvd,959
781,205 perrin,750
782,603 e. huron street,1979
783,w liberty,1379
784,520 n ashley st,1395
785,603 e. huron street,999
786,603 e. huron street,1049
787,s main street,2200
788,birch hollow drive,1209
789,leslie circle,1559
79,dunlavy lane,1450
790,stadium blvd,1199
791,w liberty,1409
792,2960 international drive,899
793,birch hollow drive,1029
794,518 e william st,3295
796,schooner cove blvd,829
797,briarcrest,1390
798,briarcrest,1390
8,310 e. liberty st.,1235
80,2201 glencoe hills,1529
800,518 e william st,1670
801,1082 e. chicago blvd,885
802,27883 independence st,1090
803,birch hollow drive,1009
805,2201 glencoe hills dr,2179
806,154 riley st,700
807,1082 e. chicago blvd,820
808,2911 bynan dr.,899
809,2201 glencoe hills drive,929
81,2201 glencoe hills,2179
810,1505 natalie lane,1265
811,1751 cass lake front st,950
812,lancashire drive,1269
813,275 harbor way,1399
816,140 lauff drive,1040
819,201 e madison st,3345
82,2201 glencoe hills,1149
820,2960 international drive,999
821,w liberty,1499
822,birch hollow drive,969
825,600 hidden valley club drive,1450
827,3998 audrey rae ln.,1165
828,3998 audrey rae ln.,1155
829,3998 audrey rae ln.,1165
830,4685 hunt club dr.,1100
833,1006 pontiac trail,1500
835,roundtree blvd,959
836,pauline blvd,919
837,1863 collins ct.,999
840,schooner cove boulevard,979
843,309 e jefferson #2,4500
844,121 glen #2,4200
845,210 n 1st st,3200
846,208 w ann #1,3600
847,203 koch ave.,3750
848,106 depot st.,3000
849,109 glen ave #2,4200
850,508 packard st.,4350
851,504 lawrence st #2,4000
852,503 elm st.,4800
853,401 lawrence st. #2,4000
855,812 brown st.,3900
856,549 packard st. #1,4800
857,508 lawrence,3900
858,616 lawrence,3750
859,511 elizabeth,3600
86,101 lake village,2000
860,815 lawrence,4200
861,500 packard,3800
862,419 n ingalls,3750
863,275 harbor way,1499
864,1837 davis st.,999
867,2044 mcdivitt ct,1364
87,1980 pauline boulevard,1229
870,140 lauff,970
871,3998 audrey rae ln.,1165
872,3998 audrey rae lane,1165
873,3998 audrey rae lane,1165
874,3998 audrey rae lane,1200
875,3998 audrey rae lane,1165
877,1245 astor avenue,1575
878,1840 collins ct,999
879,2960 international drive,899
88,2960 birch hollow dr,1209
883,main,1390
885,morgan,1
886,1815 hiawatha pl,1800
887,s forest ave,1795
888,2962 signature blvd,1890
889,2514 whitetail run court,2200
890,458 village oaks,2200
891,1205 island drive,1350
892,1003 s 7th street,1600
893,1773 hideaway lane drive,3795
894,2201 glencoe hills,1099
896,north adams,645
897,cross,695
898,washtenaw,800
899,michigan,700
9,10910 independence lane,952
901,1825 hill st,2780
902,310 e william,6550
903,328 catherine,5370
904,1288 broadway,2760
905,222 brookridge,2500
907,117 e davis,2175
908,stadium blvd,1199
91,schooner cove boulevard,979
910,stadium blvd,1199
913,nixon rd,3000
914,golden ave,589
915,lake haven dr,539
916,cloverly ln,597
917,512 n ashley st,1295
919,w liberty,1389
92,1355 s. winter st.,830
920,2511 packard st,1685
922,1984 traver rd,1219
924,stadium blvd,1199
925,schooner cove boulevard,979
926,101 lake village,2251
927,275 harbor way,1499
928,2501 keystone ln,840
929,2501 keystone ln,840
93,1980 pauline boulevard,1149
930,2501 keystone ln,1040
931,2501 keystone ln,1040
934,meadow grove trail,2600
936,"40935 micol dr,",800
937,"40935 micol dr,",800
938,275 harbor way,1449
939,27883 independence st,825
940,1751 cass lake front st,950
941,1777 plymouth road,1625
943,201 e madison st,3345
944,46 e cross st,1845
945,stadium blvd,1199
946,728 s main st,1645
947,955 sumpter road,1100
948,908 sybil st,1625
949,w liberty,1379
95,twin lakes drive,979
950,1000 w huron st,1250
951,2976 cascade drive,770
952,508 hill st,4599
954,w liberty,1409
955,527 s 4th ave,1845
956,414 s division st,1295
957,lancashire drive,1269
958,roundtree blvd,969
959,1984 traver rd,1379
960,201 e madison st,3345
961,2976 cascade drive,890
962,2976 cas,1155
964,1005 maiden lane,1359
965,119 west mosley,2475
966,520 n ashley st,1395
967,1355 s. winter st.,830
968,275 harbor way,1579
969,1751 scio ridge rd,2895
97,leslie circle,1389
970,101 lake village,1952
971,512 n ashley st,1295
972,twin lakes drive,979
974,520 n ashley st,1325
976,403 s division,2985
977,1005 maiden lane,1299
978,727 e kingsley st,1795
979,1005 maiden lane,1499
98,1980 pauline boulevard,1249
981,4685 hunt club dr.,1400
982,140 lauff drive,1030
983,1338 washtenaw ave,1195
985,1121 packard,4650
986,1803 hill st,6490
987,roundtree blvd,1039
988,727 e kingsley st,1795
99,2835 roundtree blvd,1079
990,1803 hill st,2780
991,1803 hill,2800
992,10675 martz rd,1600
993,2124 abbot,1895
997,512 washtenaw,695
998,1580 siller terrace,1595
999,208 ballard,1195
